long,long,None,long,flags,long,flags,long,bool,flags,None,flags,bool,long,flags,long,bool,flags,flags,
25,0,,0,0x0,0,0x0,0,0,0x0,,0x0,0,1,0x0,0,0,0x0,0x0,
26,0,,0,0x0,0,0x0,0,0,0x0,,0x0,0,2,0x0,0,1,0x0,0x0,
27,0,,0,0x0,0,0x0,0,0,0x0,,0x0,0,2,0x0,0,1,0x0,0x0,
28,0,,0,0x0,0,0x0,0,0,0x0,,0x0,0,2,0x0,0,1,0x0,0x0,
29,0,,0,0x0,0,0x0,0,0,0x0,,0x0,0,2,0x0,0,1,0x0,0x0,
30,0,,0,0x0,0,0x0,0,0,0x0,,0x0,0,2,0x0,0,1,0x0,0x0,
31,0,,7897,0x1,0,0x0,7874,1,0x0,,0x0,0,3,0x0,0,0,0x0,0x0,
32,0,,7908,0x0,0,0x0,0,0,0x0,,0x0,0,4,0x0,0,0,0x0,0x0,
33,0,,7908,0x0,0,0x0,0,0,0x0,,0x0,0,4,0x0,0,0,0x0,0x0,
34,0,,7912,0x0,0,0x0,0,0,0x0,,0x0,0,5,0x0,0,0,0x0,0x0,
35,0,,7912,0x1,0,0x2,0,0,0x0,,0x0,0,6,0x0,0,0,0x0,0x0,
36,0,,7913,0x1,3,0x2,0,0,0x0,,0x0,0,7,0x0,0,0,0x0,0x0,
37,0,,8166,0x1,0,0x0,8167,1,0x0,,0x0,0,8,0x0,0,0,0x0,0x0,
38,0,,8166,0x1,0,0x0,8167,1,0x0,,0x0,0,9,0x8,0,0,0x0,0x0,
39,0,,8169,0x2,1,0x0,7898,1,0x0,,0x0,0,10,0x0,0,0,0x0,0x0,
40,0,,8186,0x1,0,0x0,7908,1,0x0,,0x0,0,11,0x0,0,0,0x0,0x0,
41,0,,8198,0x1,0,0x0,0,0,0x0,,0x0,0,12,0x0,0,0,0x0,0x0,
42,0,,8198,0x1,0,0x0,7855,1,0x0,,0x0,0,13,0x0,0,0,0x0,0x0,
43,0,,8198,0x1,0,0x0,7855,1,0x0,,0x0,0,14,0x8,0,0,0x0,0x0,
44,0,,8209,0x1,2,0x0,8210,1,0x2,,0x0,0,15,0x0,0,0,0x0,0x0,
45,0,,8209,0x1,2,0x0,8210,1,0x2,,0x0,0,16,0x0,0,0,0x0,0x0,
46,0,,8246,0x1,1,0x1,0,0,0x0,,0x0,0,17,0x0,0,0,0x0,0x0,
47,0,,8246,0x1,1,0x1,0,0,0x0,,0x0,0,18,0x0,0,1,0x0,0x0,
48,0,,8249,0x1,1,0x1,0,0,0x0,,0x0,0,19,0x0,0,0,0x0,0x0,
49,0,,8249,0x1,1,0x1,0,0,0x0,,0x0,0,20,0x0,0,1,0x0,0x0,
50,0,,8387,0x0,0,0x0,8386,1,0x0,,0x0,0,21,0x8,0,1,0x0,0x0,
51,0,,8593,0x0,0,0x0,8591,1,0x0,,0x0,0,0,0x2,0,0,0x0,0x0,
52,0,,8593,0x0,0,0x0,8591,1,0x0,,0x0,0,0,0x4,0,0,0x0,0x0,
53,0,,8593,0x0,0,0x0,8591,1,0x0,,0x0,0,0,0x6,0,0,0x0,0x0,
54,1,,8169,0x2,1,0x0,7898,1,0x0,,0x0,0,22,0x0,0,0,0x0,0x0,
55,1,,8173,0x2,1,0x0,7875,1,0x0,,0x0,0,23,0x0,0,0,0x0,0x0,
56,1,,8584,0x2,1,0x0,8585,1,0x0,,0x0,0,0,0x4,0,0,0x0,0x0,
57,1,,8584,0x1,0,0x0,8585,1,0x0,,0x0,0,0,0x6,0,0,0x0,0x0,
58,3,,7540,0x1,3,0x2,7541,1,0x0,,0x1E81,0,0,0x5,6331,0,0x1,0x19,
59,0,,9003,0x1,0,0x0,9003,1,0x0,,0x0,0,22,0x0,0,0,0x0,0x0,
60,0,,8997,0x0,0,0x0,9000,0,0x0,,0x0,0,22,0x0,0,0,0x0,0x0,
61,0,,8996,0x0,0,0x0,9003,1,0x0,,0x0,0,0,0x0,0,0,0x0,0x0,
62,0,,8997,0x0,0,0x0,9000,1,0x0,,0x0,0,0,0x0,0,0,0x0,0x0,
63,0,,9060,0x1,0,0x0,0,0,0x0,,0x0,0,0,0x8,0,1,0x0,0x0,
65,0,,9257,0x1,0,0x0,9258,0,0x0,,0x0,0,0,0x8,0,0,0x0,0x0,
67,0,,9257,0x1,0,0x0,9258,1,0x0,,0x242A,1,0,0x8,0,1,0x4,0x0,
