long,long,long,long,long,flags,
41,1,0,5,5,0x0,
61,1,0,2,0,0x2,
63,1,0,4,1,0x2,
64,0,0,0,0,0x0,
65,3,0,0,0,0x0,
66,0,0,0,0,0x1,
67,2,0,1,0,0x0,
81,1,0,4,2,0x2,
82,1,0,4,3,0x2,
83,1,0,4,4,0x2,
121,1,0,0,0,0x2,
161,4,0,0,0,0x0,
181,1,0,0,0,0x0,
182,0,0,0,5,0x0,
183,1,106,2,0,0x2,
184,1,210,2,0,0x2,
185,0,210,2,0,0x2,
186,0,106,2,0,0x2,
187,0,0,0,0,0x0,
207,2,0,1,0,0x2,
208,1,0,6,0,0x2,
209,1,0,7,0,0x200,
227,0,0,0,0,0x0,
247,5,14,0,0,0x1,
267,0,0,0,5,0x0,
287,0,0,0,0,0x0,
307,1,35,5,5,0x0,
327,4,0,0,0,0x0,
328,0,0,0,0,0x0,
347,1,0,0,0,0x2,
367,4,0,0,0,0x0,
387,1,0,5,6,0x202,
407,1,0,5,0,0x4,
409,1,0,1,5,0x4,
410,1,0,4,1,0x8,
427,3,0,1,0,0x0,
428,3,1616,0,0,0x4,
429,0,0,0,0,0x2,
447,1,0,2,6,0x2,
467,4,0,0,0,0x0,
469,1,0,0,0,0x0,
487,1,0,2,6,0x302,
488,4,0,0,0,0x8,
489,1,35,8,0,0x0,
490,1,0,0,0,0x10,
491,0,0,0,0,0x8,
492,1,0,0,0,0x10,
493,4,0,0,0,0x0,
494,1,0,3,0,0xA,
495,0,0,0,0,0x9,
496,1,0,0,0,0x0,
497,0,0,0,0,0x0,
507,1,0,2,0,0x2,
527,0,2089,0,0,0x9,
547,1,974,0,5,0x2018,
567,1,0,0,6,0x0,
587,0,0,0,0,0x8,
607,4,0,2,6,0x108,
627,1,2064,0,0,0xA,
628,0,0,0,6,0x8,
629,1,0,0,0,0x0,
647,1,0,0,0,0x0,
648,0,0,0,0,0x40,
649,1,0,2,0,0x42,
667,1,0,0,0,0x40,
668,0,0,0,5,0x0,
669,2,0,1,0,0x0,
687,1,0,3,0,0x200,
688,1,35,2,0,0x2,
689,4,0,0,0,0x100,
707,0,0,0,0,0x0,
708,4,0,0,0,0x100,
709,0,0,0,4,0x1,
710,4,0,0,0,0x108,
711,2,0,3,0,0x0,
712,1,0,0,0,0x4,
713,1,0,2,0,0x202,
714,0,0,0,0,0x2,
715,0,0,0,0,0x140,
716,4,0,0,0,0x100,
717,0,0,0,0,0x1,
718,4,0,0,0,0x100,
719,0,0,0,0,0x0,
720,1,0,7,0,0x0,
760,4,0,0,0,0x108,
780,4,0,0,6,0x8,
781,1,0,0,0,0x50,
801,4,0,0,0,0x0,
821,1,0,2,6,0xA,
822,1,0,0,6,0x2,
823,1,0,2,1,0x848,
824,4,0,0,0,0x100,
825,2,0,1,0,0x0,
826,1,0,0,0,0x212,
827,4,0,0,0,0x108,
828,1,0,0,1,0x108,
829,1,0,2,1,0x202,
830,1,0,2,0,0x102,
831,1,0,2,6,0x2342,
832,1,0,7,0,0x0,
833,2,0,3,0,0x0,
841,1,0,6,6,0xA,
842,1,0,2,0,0x202,
843,4,0,0,0,0x10,
844,0,0,0,0,0x10,
861,4,0,0,0,0x100,
881,1,0,0,0,0x0,
901,1,0,0,0,0x900,
921,2,0,1,0,0x100,
941,0,0,10,0,0x0,
942,1,0,0,0,0x110,
943,0,0,0,0,0x800,
944,1,0,6,0,0x902,
961,1,0,0,0,0x108,
962,1,0,0,6,0xD08,
963,1,0,0,0,0x908,
964,1,0,0,0,0x908,
965,1,0,0,0,0x908,
966,1,0,0,0,0x908,
967,1,0,0,0,0xB0A,
968,1,0,0,0,0x8,
981,1,35,3,0,0x0,
1001,0,0,0,0,0x0,
1021,1,0,0,0,0x200,
1041,0,35,0,0,0x800,
1061,0,0,0,0,0x2,
1081,4,0,9,0,0x100,
1101,1,0,2,0,0x6,
1121,0,0,0,0,0xC80,
1141,1,0,11,0,0x1000,
1161,2,0,1,0,0x4800,
1162,0,0,9,0,0x1000,
1181,0,0,9,0,0x800,
1201,4,0,0,0,0x100,
1202,0,0,0,0,0x100,
1221,0,0,0,0,0x1,
1241,0,0,0,0,0x40,
1261,1,0,2,0,0xA02,
1281,4,0,0,0,0x8,
1301,3,0,0,0,0x900,
1302,1,0,3,6,0x408,
1321,4,0,0,6,0x8,
1341,1,0,5,5,0x0,
1342,2,0,0,0,0x0,
1343,1,0,2,0,0x302,
1361,0,0,0,0,0x800,
1362,0,0,0,0,0x800,
1381,1,0,0,0,0x102,
1401,1,35,2,1,0x2,
1421,1,0,5,0,0x808,
1442,2,0,5,0,0x808,
1481,1,0,0,0,0x108,
1501,0,0,0,1,0x0,
1502,0,0,0,2,0x0,
1503,0,0,0,3,0x0,
1504,0,0,0,4,0x0,
1541,4,35,10,0,0x800,
1561,2,0,1,0,0x4000,
1562,2,0,1,0,0x4000,
1581,1,0,2,0,0x802,
1641,4,0,0,0,0x108,
1701,1,0,0,6,0x848,
1721,2,0,1,0,0x202,
1761,1,0,0,0,0xA,
1781,1,0,0,0,0x808,
1841,1,0,5,5,0x100,
1881,0,0,0,0,0x8000,
1961,0,0,0,0,0x800,
1981,0,0,0,0,0x0,
2001,0,0,0,0,0x800,
2002,2,0,7,6,0x0,
2041,1,0,3,0,0x0,
2061,1,0,0,0,0x8,
2062,1,0,7,0,0x1800,
2081,1,0,7,0,0x80A,
2141,1,0,2,0,0x2,
2181,0,0,12,0,0x1000,
2221,1,0,0,0,0x2,
2301,1,0,0,0,0x202,
2381,1,0,2,0,0x802,
2441,0,14,0,0,0x1,
2481,0,0,0,0,0x1000,
2581,0,0,0,0,0x800,
2601,4,0,0,0,0x1000,
2621,1,0,0,0,0x8,
2641,1,0,0,0,0x0,
2661,1,0,7,0,0x2,
2742,4,0,0,0,0x1108,
2761,5,14,0,0,0x1,
2821,0,0,0,0,0x0,
2904,1,0,0,0,0x212,
2905,0,0,0,0,0x849,
2908,5,14,0,0,0x9,
2909,1,0,2,0,0xB0A,
2913,0,0,7,0,0x1000,
2915,1,0,0,0,0x808,
2926,0,14,0,0,0x5,
2932,4,35,0,0,0x808,
2933,4,0,0,0,0x100,
2935,1,0,0,0,0xA00,
