long,long,long,long,long,long,long,flags,
2019,1,159,0,62,14,36,0x54,
2019,1,0,18154,182,13,43,0x0,
2019,1,0,18153,401,232,103,0x0,
843,0,3428,0,0,0,0,0x0,
3202,0,3428,0,0,0,0,0x0,
2465,0,3428,0,0,0,0,0x0,
1946,0,3428,0,0,0,0,0x0,
3426,0,4080,0,0,394,0,0x0,
3426,1,4080,0,0,395,0,0x0,
3426,2,4080,0,0,396,0,0x0,
3426,0,0,40329,0,394,0,0x0,
3426,1,0,40329,0,395,0,0x0,
3426,2,0,40329,0,396,0,0x0,
3426,0,0,40353,0,394,0,0x0,
3426,1,0,40353,0,395,0,0x0,
3426,2,0,40353,0,396,0,0x0,
3426,0,0,43245,0,394,0,0x0,
3426,1,0,43245,0,395,0,0x0,
3426,2,0,43245,0,396,0,0x0,
3426,0,0,40331,0,394,0,0x0,
3426,1,0,40331,0,395,0,0x0,
3426,2,0,40331,0,396,0,0x0,
3426,0,0,43205,0,394,0,0x0,
3426,1,0,43205,0,395,0,0x0,
3426,2,0,43205,0,396,0,0x0,
3427,1337,151,0,0,0,0,0x0,
3427,5555,4019,0,0,0,0,0x0,
3710,1,4197,0,0,445,463,0x54,
4096,1,4273,0,0,527,0,0x0,
4162,1,4273,0,0,529,0,0x0,
4164,1,4273,0,0,530,0,0x0,
4161,1,4273,0,0,528,0,0x0,
4122,1,0,47321,0,531,0,0x0,
4150,1,0,43600,0,533,0,0x0,
4061,3,0,47478,0,534,0,0x0,
4956,1,4820,0,0,548,0,0x0,
4957,1,4820,0,0,547,0,0x0,
4956,1,0,49438,0,548,0,0x0,
4956,1,0,49439,0,548,0,0x0,
4957,1,0,49438,0,547,0,0x0,
4957,1,0,49437,0,547,0,0x0,
4957,1,0,49441,0,547,0,0x0,
